Series Name,Series Code,Country Name,Country Code,2011.00,2012.00,2013.00,2014.00,2015.00,2016.00,2017.00,2018.00,2019.00,2020.00
GDP growth (annual %),NY.GDP.MKTP.KD.ZG,Afghanistan,AFG,0.43,12.75,5.60,2.72,1.45,2.26,2.65,1.19,3.91,-1.93
GDP growth (annual %),NY.GDP.MKTP.KD.ZG,Albania,ALB,2.55,1.42,1.00,1.77,2.22,3.31,3.80,4.07,2.17,-3.31
GDP growth (annual %),NY.GDP.MKTP.KD.ZG,Algeria,DZA,2.90,3.40,2.80,3.80,3.70,3.20,1.30,1.20,0.80,-5.48
GDP growth (annual %),NY.GDP.MKTP.KD.ZG,American Samoa,ASM,0.00,-4.33,-2.50,1.76,3.15,-1.68,-6.99,3.34,-1.45,..
GDP growth (annual %),NY.GDP.MKTP.KD.ZG,Andorra,AND,-0.01,-4.97,-3.55,2.50,1.43,3.71,0.35,1.59,2.02,-11.96
GDP growth (annual %),NY.GDP.MKTP.KD.ZG,Angola,AGO,3.47,8.54,4.95,4.82,0.94,-2.58,-0.15,-2.00,-0.62,-4.04
GDP growth (annual %),NY.GDP.MKTP.KD.ZG,Antigua and Barbuda,ATG,-1.96,3.37,-0.60,3.80,3.83,5.50,3.14,6.95,3.35,-15.97
GDP growth (annual %),NY.GDP.MKTP.KD.ZG,Argentina,ARG,6.00,-1.03,2.41,-2.51,2.73,-2.08,2.82,-2.57,-2.09,-9.91
GDP growth (annual %),NY.GDP.MKTP.KD.ZG,Armenia,ARM,4.70,7.20,3.30,3.60,3.20,0.20,7.50,5.20,7.60,-7.60
GDP growth (annual %),NY.GDP.MKTP.KD.ZG,Aruba,ABW,3.45,-1.37,4.20,0.30,5.70,2.10,2.00,..,..,..
GDP growth (annual %),NY.GDP.MKTP.KD.ZG,Australia,AUS,2.46,3.92,2.58,2.53,2.19,2.77,2.30,2.95,2.16,-0.28
GDP growth (annual %),NY.GDP.MKTP.KD.ZG,Austria,AUT,2.92,0.68,0.03,0.66,1.01,1.99,2.40,2.58,1.42,-6.59
GDP growth (annual %),NY.GDP.MKTP.KD.ZG,Azerbaijan,AZE,-1.57,2.20,5.84,2.80,1.05,-3.06,0.15,1.50,2.48,-4.31
GDP growth (annual %),NY.GDP.MKTP.KD.ZG,"Bahamas, The",BHS,0.61,3.09,-2.68,1.05,0.23,1.44,3.12,3.03,1.22,-16.28
GDP growth (annual %),NY.GDP.MKTP.KD.ZG,Bahrain,BHR,1.98,3.73,5.42,4.35,2.49,3.56,4.29,1.72,1.99,-5.81
GDP growth (annual %),NY.GDP.MKTP.KD.ZG,Bangladesh,BGD,6.46,6.52,6.01,6.06,6.55,7.11,7.28,7.86,8.15,2.38
GDP growth (annual %),NY.GDP.MKTP.KD.ZG,Barbados,BRB,-0.67,-0.46,-1.41,-0.12,2.45,2.48,0.48,-0.58,-0.10,-17.61
GDP growth (annual %),NY.GDP.MKTP.KD.ZG,Belarus,BLR,5.38,1.69,1.00,1.73,-3.83,-2.53,2.53,3.15,1.40,-0.90
GDP growth (annual %),NY.GDP.MKTP.KD.ZG,Belgium,BEL,1.69,0.74,0.46,1.58,2.04,1.27,1.62,1.79,1.78,-6.28
GDP growth (annual %),NY.GDP.MKTP.KD.ZG,Belize,BLZ,1.92,2.42,1.30,4.04,2.63,-0.03,1.81,2.91,1.76,-14.04
GDP growth (annual %),NY.GDP.MKTP.KD.ZG,Benin,BEN,2.96,4.81,7.19,6.36,1.78,3.34,5.67,6.70,6.87,3.85
GDP growth (annual %),NY.GDP.MKTP.KD.ZG,Bermuda,BMU,-3.74,-5.31,-0.28,-3.70,0.78,-0.66,3.61,-0.43,0.46,..
GDP growth (annual %),NY.GDP.MKTP.KD.ZG,Bhutan,BTN,7.98,5.12,2.12,5.78,6.64,8.13,4.65,3.06,5.46,-6.77
GDP growth (annual %),NY.GDP.MKTP.KD.ZG,Bolivia,BOL,5.20,5.12,6.80,5.46,4.86,4.26,4.20,4.22,2.22,-7.82
GDP growth (annual %),NY.GDP.MKTP.KD.ZG,Bosnia and Herzegovina,BIH,0.96,-0.82,2.35,1.15,3.09,3.15,3.17,3.74,2.83,-4.33
GDP growth (annual %),NY.GDP.MKTP.KD.ZG,Botswana,BWA,6.05,4.46,11.34,4.15,-1.70,4.30,2.90,4.48,3.03,-7.89
GDP growth (annual %),NY.GDP.MKTP.KD.ZG,Brazil,BRA,3.97,1.92,3.00,0.50,-3.55,-3.28,1.32,1.78,1.41,-4.06
GDP growth (annual %),NY.GDP.MKTP.KD.ZG,British Virgin Islands,VGB,..,..,..,..,..,..,..,..,..,..
GDP growth (annual %),NY.GDP.MKTP.KD.ZG,Brunei Darussalam,BRN,3.75,0.91,-2.13,-2.51,-0.39,-2.48,1.33,0.05,3.87,1.20
GDP growth (annual %),NY.GDP.MKTP.KD.ZG,Bulgaria,BGR,2.35,0.36,0.33,1.89,3.99,3.82,3.50,3.09,3.69,-4.15
GDP growth (annual %),NY.GDP.MKTP.KD.ZG,Burkina Faso,BFA,6.62,6.45,5.79,4.33,3.92,5.96,6.20,6.73,5.70,2.02
GDP growth (annual %),NY.GDP.MKTP.KD.ZG,Burundi,BDI,4.03,4.45,4.92,4.24,-3.90,-0.60,0.50,1.61,1.84,0.30
GDP growth (annual %),NY.GDP.MKTP.KD.ZG,Cabo Verde,CPV,3.97,1.08,0.80,0.61,1.01,4.71,3.70,4.53,5.67,-14.78
GDP growth (annual %),NY.GDP.MKTP.KD.ZG,Cambodia,KHM,7.07,7.31,7.36,7.14,7.12,6.94,6.84,7.47,7.05,-3.14
GDP growth (annual %),NY.GDP.MKTP.KD.ZG,Cameroon,CMR,4.13,4.54,5.40,5.88,5.65,4.65,3.55,4.06,3.72,0.73
GDP growth (annual %),NY.GDP.MKTP.KD.ZG,Canada,CAN,3.15,1.76,2.33,2.87,0.66,1.00,3.04,2.43,1.86,-5.40
GDP growth (annual %),NY.GDP.MKTP.KD.ZG,Cayman Islands,CYM,1.17,1.23,1.28,2.65,2.83,3.24,3.18,4.19,3.82,..
GDP growth (annual %),NY.GDP.MKTP.KD.ZG,Central African Republic,CAF,4.19,5.05,-36.39,0.08,4.34,4.75,4.53,3.79,3.00,0.00
GDP growth (annual %),NY.GDP.MKTP.KD.ZG,Chad,TCD,0.08,8.88,5.70,6.90,2.77,-6.26,-2.99,2.37,3.25,-0.89
GDP growth (annual %),NY.GDP.MKTP.KD.ZG,Channel Islands,CHI,..,..,..,..,..,..,..,..,..,..
GDP growth (annual %),NY.GDP.MKTP.KD.ZG,Chile,CHL,6.11,5.32,4.05,1.77,2.30,1.71,1.18,3.71,0.94,-5.77
GDP growth (annual %),NY.GDP.MKTP.KD.ZG,China,CHN,9.55,7.86,7.77,7.43,7.04,6.85,6.95,6.75,5.95,2.30
GDP growth (annual %),NY.GDP.MKTP.KD.ZG,Colombia,COL,6.95,3.91,5.13,4.50,2.96,2.09,1.36,2.56,3.28,-6.85
GDP growth (annual %),NY.GDP.MKTP.KD.ZG,Comoros,COM,4.10,3.20,4.50,2.10,1.12,3.32,3.82,3.43,1.99,4.91
GDP growth (annual %),NY.GDP.MKTP.KD.ZG,"Congo, Dem. Rep.",COD,6.87,7.09,8.48,9.47,6.92,2.40,3.73,5.82,4.38,0.77
GDP growth (annual %),NY.GDP.MKTP.KD.ZG,"Congo, Rep.",COG,2.21,9.95,-0.71,6.72,-3.55,-10.70,-4.37,-4.85,0.23,-7.95
GDP growth (annual %),NY.GDP.MKTP.KD.ZG,Costa Rica,CRI,4.40,4.88,2.49,3.54,3.65,4.20,4.16,2.06,2.17,-4.54
GDP growth (annual %),NY.GDP.MKTP.KD.ZG,Cote d'Ivoire,CIV,-4.39,10.71,8.89,8.79,8.84,7.18,7.36,6.89,6.23,1.82
GDP growth (annual %),NY.GDP.MKTP.KD.ZG,Croatia,HRV,-0.20,-2.39,-0.45,-0.34,2.43,3.50,3.44,2.81,2.86,-8.37
GDP growth (annual %),NY.GDP.MKTP.KD.ZG,Cuba,CUB,2.80,3.01,2.75,1.05,4.44,0.51,1.81,2.25,-0.22,..
GDP growth (annual %),NY.GDP.MKTP.KD.ZG,Curacao,CUW,0.61,-0.14,-0.79,-1.14,0.28,-0.99,-1.74,-2.17,-3.40,..
GDP growth (annual %),NY.GDP.MKTP.KD.ZG,Cyprus,CYP,0.40,-3.45,-6.55,-1.83,3.22,6.44,5.15,5.24,3.08,-5.10
GDP growth (annual %),NY.GDP.MKTP.KD.ZG,Czech Republic,CZE,1.76,-0.79,-0.05,2.26,5.39,2.54,5.17,3.20,2.31,-5.60
GDP growth (annual %),NY.GDP.MKTP.KD.ZG,Denmark,DNK,1.34,0.23,0.93,1.62,2.34,3.25,2.82,2.18,2.85,-2.73
GDP growth (annual %),NY.GDP.MKTP.KD.ZG,Djibouti,DJI,..,..,..,7.06,7.70,6.65,5.40,8.41,7.77,0.50
GDP growth (annual %),NY.GDP.MKTP.KD.ZG,Dominica,DMA,-0.22,-1.06,-1.00,4.45,-2.69,2.56,-6.80,2.30,3.46,-16.71
GDP growth (annual %),NY.GDP.MKTP.KD.ZG,Dominican Republic,DOM,3.13,2.72,4.88,7.05,6.93,6.66,4.67,6.98,5.05,-6.72
GDP growth (annual %),NY.GDP.MKTP.KD.ZG,Ecuador,ECU,7.87,5.64,4.95,3.79,0.10,-1.23,2.37,1.29,0.01,-7.75
GDP growth (annual %),NY.GDP.MKTP.KD.ZG,"Egypt, Arab Rep.",EGY,1.76,2.23,2.19,2.92,4.37,4.35,4.18,5.31,5.56,3.57
GDP growth (annual %),NY.GDP.MKTP.KD.ZG,El Salvador,SLV,3.82,2.81,2.24,1.71,2.40,2.54,2.25,2.41,2.64,-7.94
GDP growth (annual %),NY.GDP.MKTP.KD.ZG,Equatorial Guinea,GNQ,6.52,8.31,-4.13,0.42,-9.11,-8.82,-5.67,-6.24,-5.98,-4.89
GDP growth (annual %),NY.GDP.MKTP.KD.ZG,Eritrea,ERI,8.68,..,..,..,..,..,..,..,..,..
GDP growth (annual %),NY.GDP.MKTP.KD.ZG,Estonia,EST,7.43,3.11,1.35,2.99,1.84,3.19,5.50,4.36,5.00,-2.93
GDP growth (annual %),NY.GDP.MKTP.KD.ZG,Eswatini,SWZ,2.25,5.39,3.86,0.91,2.20,1.10,2.03,2.37,2.24,-1.64
GDP growth (annual %),NY.GDP.MKTP.KD.ZG,Ethiopia,ETH,11.18,8.65,10.58,10.26,10.39,9.43,9.56,6.82,8.36,6.06
GDP growth (annual %),NY.GDP.MKTP.KD.ZG,Faroe Islands,FRO,..,..,..,..,..,..,..,..,..,..
GDP growth (annual %),NY.GDP.MKTP.KD.ZG,Fiji,FJI,2.71,1.41,4.73,5.60,4.50,2.44,5.35,3.81,-0.45,-19.05
GDP growth (annual %),NY.GDP.MKTP.KD.ZG,Finland,FIN,2.55,-1.40,-0.90,-0.36,0.54,2.81,3.19,1.31,1.27,-2.77
GDP growth (annual %),NY.GDP.MKTP.KD.ZG,France,FRA,2.19,0.31,0.58,0.96,1.11,1.10,2.29,1.79,1.51,-8.11
GDP growth (annual %),NY.GDP.MKTP.KD.ZG,French Polynesia,PYF,..,..,..,..,..,..,..,..,..,..
GDP growth (annual %),NY.GDP.MKTP.KD.ZG,Gabon,GAB,7.09,5.25,5.64,4.31,3.88,2.09,0.47,0.84,3.94,-1.32
GDP growth (annual %),NY.GDP.MKTP.KD.ZG,"Gambia, The",GMB,-8.13,5.24,2.87,-1.41,4.06,1.94,4.82,7.23,6.06,0.00
GDP growth (annual %),NY.GDP.MKTP.KD.ZG,Georgia,GEO,7.40,6.37,3.62,4.43,3.02,2.91,4.84,4.84,4.98,-6.16
GDP growth (annual %),NY.GDP.MKTP.KD.ZG,Germany,DEU,3.93,0.42,0.44,2.21,1.49,2.23,2.60,1.27,0.56,-4.90
GDP growth (annual %),NY.GDP.MKTP.KD.ZG,Ghana,GHA,14.05,9.29,7.31,2.86,2.12,3.37,8.13,6.20,6.51,0.41
GDP growth (annual %),NY.GDP.MKTP.KD.ZG,Gibraltar,GIB,..,..,..,..,..,..,..,..,..,..
GDP growth (annual %),NY.GDP.MKTP.KD.ZG,Greece,GRC,-10.15,-7.08,-2.74,0.70,-0.41,-0.49,1.28,1.56,1.86,-8.25
GDP growth (annual %),NY.GDP.MKTP.KD.ZG,Greenland,GRL,-0.50,1.39,-1.30,4.74,-2.53,4.68,0.47,3.22,..,..
GDP growth (annual %),NY.GDP.MKTP.KD.ZG,Grenada,GRD,0.76,-1.16,2.35,7.34,6.44,3.74,4.44,4.14,1.98,-11.23
GDP growth (annual %),NY.GDP.MKTP.KD.ZG,Guam,GUM,0.08,2.13,1.69,1.79,0.83,0.18,0.89,-0.90,1.98,..
GDP growth (annual %),NY.GDP.MKTP.KD.ZG,Guatemala,GTM,4.16,2.97,3.69,4.44,4.09,2.68,3.08,3.32,3.87,-1.52
GDP growth (annual %),NY.GDP.MKTP.KD.ZG,Guinea,GIN,5.61,5.92,3.95,3.70,3.83,10.82,10.30,6.36,5.65,6.99
GDP growth (annual %),NY.GDP.MKTP.KD.ZG,Guinea-Bissau,GNB,8.08,-1.71,3.26,0.96,6.13,6.26,5.92,1.28,4.50,-2.40
GDP growth (annual %),NY.GDP.MKTP.KD.ZG,Guyana,GUY,5.34,5.38,3.65,1.69,0.69,3.81,3.73,4.44,5.35,43.48
GDP growth (annual %),NY.GDP.MKTP.KD.ZG,Haiti,HTI,6.15,0.55,3.09,3.40,1.62,1.72,2.29,1.67,-1.68,-3.37
GDP growth (annual %),NY.GDP.MKTP.KD.ZG,Honduras,HND,3.84,4.13,2.79,3.06,3.84,3.89,4.84,3.84,2.65,-8.96
GDP growth (annual %),NY.GDP.MKTP.KD.ZG,"Hong Kong SAR, China",HKG,4.81,1.70,3.10,2.76,2.39,2.17,3.79,2.85,-1.68,-6.08
GDP growth (annual %),NY.GDP.MKTP.KD.ZG,Hungary,HUN,1.94,-1.38,1.86,4.23,3.82,2.14,4.32,5.40,4.64,-4.96
GDP growth (annual %),NY.GDP.MKTP.KD.ZG,Iceland,ISL,1.85,1.06,4.55,1.69,4.44,6.30,4.19,4.71,2.57,-6.65
GDP growth (annual %),NY.GDP.MKTP.KD.ZG,India,IND,5.24,5.46,6.39,7.41,8.00,8.26,6.80,6.53,4.04,-7.96
GDP growth (annual %),NY.GDP.MKTP.KD.ZG,Indonesia,IDN,6.17,6.03,5.56,5.01,4.88,5.03,5.07,5.17,5.02,-2.07
GDP growth (annual %),NY.GDP.MKTP.KD.ZG,"Iran, Islamic Rep.",IRN,2.65,-7.44,-0.19,4.60,-1.32,13.40,3.76,-6.03,-6.78,1.66
GDP growth (annual %),NY.GDP.MKTP.KD.ZG,Iraq,IRQ,7.55,13.94,7.63,0.20,4.72,13.79,-1.75,-1.21,4.45,-10.37
GDP growth (annual %),NY.GDP.MKTP.KD.ZG,Ireland,IRL,0.60,0.13,1.23,8.64,25.18,1.99,9.13,8.52,5.57,3.42
GDP growth (annual %),NY.GDP.MKTP.KD.ZG,Isle of Man,IMN,2.00,7.30,4.14,5.16,-0.39,6.95,2.84,2.21,..,..
GDP growth (annual %),NY.GDP.MKTP.KD.ZG,Israel,ISR,4.63,2.43,4.20,3.92,2.22,3.83,3.56,3.48,3.45,-2.44
GDP growth (annual %),NY.GDP.MKTP.KD.ZG,Italy,ITA,0.71,-2.98,-1.84,0.00,0.78,1.29,1.67,0.94,0.29,-8.87
GDP growth (annual %),NY.GDP.MKTP.KD.ZG,Jamaica,JAM,1.73,-0.61,0.52,0.69,0.92,1.38,1.00,1.89,0.89,-10.20
GDP growth (annual %),NY.GDP.MKTP.KD.ZG,Japan,JPN,-0.12,1.50,2.00,0.37,1.22,0.52,2.17,0.32,0.27,..
GDP growth (annual %),NY.GDP.MKTP.KD.ZG,Jordan,JOR,2.74,2.43,2.61,3.38,2.50,1.99,2.09,1.93,1.96,-1.55
GDP growth (annual %),NY.GDP.MKTP.KD.ZG,Kazakhstan,KAZ,7.40,4.80,6.00,4.20,1.20,1.10,4.10,4.10,4.50,-2.60
GDP growth (annual %),NY.GDP.MKTP.KD.ZG,Kenya,KEN,6.11,4.56,5.88,5.36,5.72,5.88,4.81,6.32,5.37,-0.31
GDP growth (annual %),NY.GDP.MKTP.KD.ZG,Kiribati,KIR,1.59,4.71,4.21,-0.70,10.41,5.14,0.89,2.31,2.25,2.54
GDP growth (annual %),NY.GDP.MKTP.KD.ZG,"Korea, Dem. People's Rep.",PRK,..,..,..,..,..,..,..,..,..,..
GDP growth (annual %),NY.GDP.MKTP.KD.ZG,"Korea, Rep.",KOR,3.69,2.40,3.16,3.20,2.81,2.95,3.16,2.91,2.04,-0.96
GDP growth (annual %),NY.GDP.MKTP.KD.ZG,Kosovo,XKX,4.38,2.81,3.44,1.22,4.10,4.07,4.23,3.81,4.94,-6.89
GDP growth (annual %),NY.GDP.MKTP.KD.ZG,Kuwait,KWT,9.63,6.63,1.15,0.50,0.59,2.93,-4.71,1.25,0.43,..
GDP growth (annual %),NY.GDP.MKTP.KD.ZG,Kyrgyz Republic,KGZ,5.96,-0.09,10.92,4.02,3.88,4.34,4.74,3.76,4.60,-8.62
GDP growth (annual %),NY.GDP.MKTP.KD.ZG,Lao PDR,LAO,8.04,8.03,8.03,7.61,7.27,7.02,6.89,6.25,5.46,0.44
GDP growth (annual %),NY.GDP.MKTP.KD.ZG,Latvia,LVA,6.47,4.25,2.31,1.07,4.01,2.37,3.25,4.02,2.03,-3.62
GDP growth (annual %),NY.GDP.MKTP.KD.ZG,Lebanon,LBN,0.87,2.54,3.81,2.46,0.21,1.53,0.85,-1.93,-6.70,-20.30
GDP growth (annual %),NY.GDP.MKTP.KD.ZG,Lesotho,LSO,4.61,6.33,1.79,1.71,3.13,3.59,-3.14,-1.22,-0.38,-11.06
GDP growth (annual %),NY.GDP.MKTP.KD.ZG,Liberia,LBR,8.20,7.99,8.70,0.70,0.00,-1.60,2.47,1.22,-2.28,-2.87
GDP growth (annual %),NY.GDP.MKTP.KD.ZG,Libya,LBY,-62.08,123.14,-13.60,-24.00,-8.86,-2.80,26.68,15.13,2.54,-31.30
GDP growth (annual %),NY.GDP.MKTP.KD.ZG,Liechtenstein,LIE,..,..,..,..,..,..,..,..,..,..
GDP growth (annual %),NY.GDP.MKTP.KD.ZG,Lithuania,LTU,6.04,3.84,3.55,3.54,2.02,2.52,4.28,3.94,4.34,-0.87
GDP growth (annual %),NY.GDP.MKTP.KD.ZG,Luxembourg,LUX,2.54,-0.35,3.65,4.30,4.31,4.57,1.80,3.11,2.30,-1.31
GDP growth (annual %),NY.GDP.MKTP.KD.ZG,"Macao SAR, China",MAC,21.62,9.24,10.75,-2.05,-21.49,-0.67,9.98,6.47,-2.63,-56.31
GDP growth (annual %),NY.GDP.MKTP.KD.ZG,Madagascar,MDG,1.58,3.01,2.30,3.34,3.13,3.99,3.93,3.20,4.40,-4.20
GDP growth (annual %),NY.GDP.MKTP.KD.ZG,Malawi,MWI,4.85,1.89,5.20,5.70,2.80,2.48,4.00,4.42,5.72,0.80
GDP growth (annual %),NY.GDP.MKTP.KD.ZG,Malaysia,MYS,5.29,5.47,4.69,6.01,5.09,4.45,5.81,4.77,4.30,-5.59
GDP growth (annual %),NY.GDP.MKTP.KD.ZG,Maldives,MDV,8.57,2.52,7.28,7.33,2.88,6.34,7.21,8.13,6.99,-31.98
GDP growth (annual %),NY.GDP.MKTP.KD.ZG,Mali,MLI,3.21,-0.84,2.30,7.08,6.17,5.85,5.31,4.75,4.77,-1.65
GDP growth (annual %),NY.GDP.MKTP.KD.ZG,Malta,MLT,0.47,4.12,5.47,7.63,9.61,4.09,8.12,5.18,5.54,-7.00
GDP growth (annual %),NY.GDP.MKTP.KD.ZG,Marshall Islands,MHL,-0.61,-2.30,4.02,-0.95,1.61,1.03,3.38,3.35,6.53,..
GDP growth (annual %),NY.GDP.MKTP.KD.ZG,Mauritania,MRT,4.17,4.47,4.15,4.27,5.38,1.26,3.50,2.12,5.93,-1.49
GDP growth (annual %),NY.GDP.MKTP.KD.ZG,Mauritius,MUS,4.08,3.50,3.36,3.74,3.55,3.84,3.81,3.76,3.01,-14.87
GDP growth (annual %),NY.GDP.MKTP.KD.ZG,Mexico,MEX,3.66,3.64,1.35,2.85,3.29,2.63,2.11,2.19,-0.05,-8.24
GDP growth (annual %),NY.GDP.MKTP.KD.ZG,"Micronesia, Fed. Sts.",FSM,3.19,-1.87,-3.68,-2.31,4.62,0.90,2.68,0.21,1.20,..
GDP growth (annual %),NY.GDP.MKTP.KD.ZG,Moldova,MDA,5.82,-0.59,9.04,5.00,-0.34,4.41,4.69,4.30,3.58,-6.97
GDP growth (annual %),NY.GDP.MKTP.KD.ZG,Monaco,MCO,7.00,1.00,9.60,7.20,4.90,3.50,-3.40,6.10,7.50,..
GDP growth (annual %),NY.GDP.MKTP.KD.ZG,Mongolia,MNG,17.29,12.32,11.65,7.89,2.38,1.17,5.34,7.25,5.16,-5.34
GDP growth (annual %),NY.GDP.MKTP.KD.ZG,Montenegro,MNE,3.23,-2.72,3.55,1.78,3.39,2.95,4.72,5.08,4.06,-15.16
GDP growth (annual %),NY.GDP.MKTP.KD.ZG,Morocco,MAR,5.25,3.01,4.54,2.67,4.54,1.06,4.25,3.15,2.48,-7.12
GDP growth (annual %),NY.GDP.MKTP.KD.ZG,Mozambique,MOZ,7.42,7.26,6.96,7.40,6.72,3.82,3.74,3.44,2.29,-1.28
GDP growth (annual %),NY.GDP.MKTP.KD.ZG,Myanmar,MMR,5.59,7.33,8.43,7.99,6.99,5.75,6.40,6.75,1.69,-9.99
GDP growth (annual %),NY.GDP.MKTP.KD.ZG,Namibia,NAM,5.09,5.06,5.61,6.09,4.26,0.03,-1.03,1.11,-0.61,-7.98
GDP growth (annual %),NY.GDP.MKTP.KD.ZG,Nauru,NRU,10.00,11.36,30.61,26.56,3.70,3.57,-5.75,6.10,0.00,..
GDP growth (annual %),NY.GDP.MKTP.KD.ZG,Nepal,NPL,3.42,4.44,3.53,6.01,3.98,0.43,8.98,7.62,6.66,-2.09
GDP growth (annual %),NY.GDP.MKTP.KD.ZG,Netherlands,NLD,1.55,-1.03,-0.13,1.42,1.96,2.19,2.91,2.36,1.68,-3.74
GDP growth (annual %),NY.GDP.MKTP.KD.ZG,New Caledonia,NCL,..,..,..,..,..,..,..,..,..,..
GDP growth (annual %),NY.GDP.MKTP.KD.ZG,New Zealand,NZL,2.26,2.24,2.70,3.81,3.71,3.73,3.61,3.21,1.63,0.98
GDP growth (annual %),NY.GDP.MKTP.KD.ZG,Nicaragua,NIC,6.32,6.50,4.93,4.79,4.79,4.56,4.63,-3.36,-3.67,-1.98
GDP growth (annual %),NY.GDP.MKTP.KD.ZG,Niger,NER,2.36,10.55,5.32,6.64,4.39,5.71,5.00,7.22,5.90,1.50
GDP growth (annual %),NY.GDP.MKTP.KD.ZG,Nigeria,NGA,5.31,4.23,6.67,6.31,2.65,-1.62,0.81,1.92,2.21,-1.79
GDP growth (annual %),NY.GDP.MKTP.KD.ZG,North Macedonia,MKD,2.34,-0.46,2.93,3.63,3.86,2.85,1.08,2.88,3.17,-4.53
GDP growth (annual %),NY.GDP.MKTP.KD.ZG,Northern Mariana Islands,MNP,-7.38,0.81,2.68,4.18,3.38,29.21,23.17,-19.35,-11.14,..
GDP growth (annual %),NY.GDP.MKTP.KD.ZG,Norway,NOR,0.98,2.70,1.03,1.97,1.97,1.07,2.32,1.12,0.85,-0.76
GDP growth (annual %),NY.GDP.MKTP.KD.ZG,Oman,OMN,2.66,9.05,5.10,1.46,4.63,5.10,0.35,0.92,-0.83,..
GDP growth (annual %),NY.GDP.MKTP.KD.ZG,Pakistan,PAK,2.75,3.51,4.40,4.67,4.73,5.53,5.55,5.84,0.99,0.53
GDP growth (annual %),NY.GDP.MKTP.KD.ZG,Palau,PLW,6.68,1.67,-3.39,6.29,7.54,-0.08,-1.92,4.06,-4.25,..
GDP growth (annual %),NY.GDP.MKTP.KD.ZG,Panama,PAN,11.31,9.78,6.90,5.07,5.73,4.95,5.59,3.60,3.04,-17.95
GDP growth (annual %),NY.GDP.MKTP.KD.ZG,Papua New Guinea,PNG,1.11,4.66,3.82,13.54,6.58,5.49,3.53,-0.28,5.86,-3.88
GDP growth (annual %),NY.GDP.MKTP.KD.ZG,Paraguay,PRY,4.29,-0.71,8.29,5.30,2.96,4.27,4.81,3.20,-0.40,-1.00
GDP growth (annual %),NY.GDP.MKTP.KD.ZG,Peru,PER,6.33,6.14,5.85,2.38,3.25,3.95,2.52,3.97,2.20,-11.15
GDP growth (annual %),NY.GDP.MKTP.KD.ZG,Philippines,PHL,3.86,6.90,6.75,6.35,6.35,7.15,6.93,6.34,6.12,-9.57
GDP growth (annual %),NY.GDP.MKTP.KD.ZG,Poland,POL,4.76,1.32,1.13,3.38,4.24,3.14,4.83,5.35,4.54,-2.70
GDP growth (annual %),NY.GDP.MKTP.KD.ZG,Portugal,PRT,-1.70,-4.06,-0.92,0.79,1.79,2.02,3.51,2.85,2.49,-7.56
GDP growth (annual %),NY.GDP.MKTP.KD.ZG,Puerto Rico,PRI,-0.36,0.03,-0.31,-1.19,-1.05,-1.26,-2.89,-4.15,1.48,-3.90
GDP growth (annual %),NY.GDP.MKTP.KD.ZG,Qatar,QAT,13.38,4.73,5.56,5.33,4.75,3.06,-1.50,1.23,0.77,-3.67
GDP growth (annual %),NY.GDP.MKTP.KD.ZG,Romania,ROU,1.91,2.04,3.77,3.61,2.95,4.70,7.32,4.47,4.13,-3.86
GDP growth (annual %),NY.GDP.MKTP.KD.ZG,Russian Federation,RUS,4.30,4.02,1.76,0.74,-1.97,0.19,1.83,2.81,2.03,-2.95
GDP growth (annual %),NY.GDP.MKTP.KD.ZG,Rwanda,RWA,7.96,8.64,4.72,6.17,8.86,5.97,3.98,8.58,9.46,-3.36
GDP growth (annual %),NY.GDP.MKTP.KD.ZG,Samoa,WSM,4.17,-4.09,-0.42,0.08,4.27,8.05,1.04,-2.06,3.58,-2.74
GDP growth (annual %),NY.GDP.MKTP.KD.ZG,San Marino,SMR,-8.31,-7.04,-0.78,-0.70,2.29,2.34,0.26,1.54,2.37,..
GDP growth (annual %),NY.GDP.MKTP.KD.ZG,Sao Tome and Principe,STP,4.40,3.14,4.81,6.55,3.91,4.16,3.85,2.95,2.21,3.09
GDP growth (annual %),NY.GDP.MKTP.KD.ZG,Saudi Arabia,SAU,10.00,5.41,2.70,3.65,4.11,1.67,-0.74,2.43,0.33,-4.11
GDP growth (annual %),NY.GDP.MKTP.KD.ZG,Senegal,SEN,1.33,4.00,2.41,6.22,6.37,6.36,7.41,6.21,4.40,0.87
GDP growth (annual %),NY.GDP.MKTP.KD.ZG,Serbia,SRB,2.04,-0.68,2.89,-1.59,1.81,3.34,2.10,4.50,4.25,-0.98
GDP growth (annual %),NY.GDP.MKTP.KD.ZG,Seychelles,SYC,7.89,1.26,6.02,4.50,4.94,4.56,4.82,1.33,1.55,-10.72
GDP growth (annual %),NY.GDP.MKTP.KD.ZG,Sierra Leone,SLE,6.32,15.18,20.72,4.56,-20.60,6.06,4.21,3.45,5.60,-2.16
GDP growth (annual %),NY.GDP.MKTP.KD.ZG,Singapore,SGP,6.34,4.46,4.84,3.94,2.99,3.33,4.52,3.50,1.35,-5.39
GDP growth (annual %),NY.GDP.MKTP.KD.ZG,Sint Maarten (Dutch part),SXM,4.60,1.39,1.31,1.58,0.40,0.50,-5.80,-6.60,..,..
GDP growth (annual %),NY.GDP.MKTP.KD.ZG,Slovak Republic,SVK,2.85,1.90,0.67,2.64,4.81,2.13,2.99,3.65,2.51,-4.75
GDP growth (annual %),NY.GDP.MKTP.KD.ZG,Slovenia,SVN,0.86,-2.64,-1.03,2.77,2.21,3.19,4.79,4.38,3.18,-5.53
GDP growth (annual %),NY.GDP.MKTP.KD.ZG,Solomon Islands,SLB,7.27,1.86,5.33,1.05,1.42,5.88,5.34,3.94,1.20,-4.32
GDP growth (annual %),NY.GDP.MKTP.KD.ZG,Somalia,SOM,..,..,..,2.36,3.46,2.89,1.39,2.79,2.90,-1.50
GDP growth (annual %),NY.GDP.MKTP.KD.ZG,South Africa,ZAF,3.28,2.21,2.49,1.85,1.19,0.40,1.41,0.79,0.15,-6.96
GDP growth (annual %),NY.GDP.MKTP.KD.ZG,South Sudan,SSD,-4.64,-46.08,13.13,3.37,-10.79,..,..,..,..,..
GDP growth (annual %),NY.GDP.MKTP.KD.ZG,Spain,ESP,-0.81,-2.96,-1.44,1.38,3.84,3.03,2.97,2.43,1.95,-10.84
GDP growth (annual %),NY.GDP.MKTP.KD.ZG,Sri Lanka,LKA,8.40,9.14,3.40,4.96,5.01,4.49,3.58,3.27,2.26,-3.57
GDP growth (annual %),NY.GDP.MKTP.KD.ZG,St. Kitts and Nevis,KNA,1.83,-2.23,5.38,6.28,1.03,2.83,-1.98,2.92,2.05,-10.74
GDP growth (annual %),NY.GDP.MKTP.KD.ZG,St. Lucia,LCA,5.48,-0.20,-3.17,1.76,-1.36,3.99,3.49,2.64,1.73,-20.21
GDP growth (annual %),NY.GDP.MKTP.KD.ZG,St. Martin (French part),MAF,..,..,..,..,..,..,..,..,..,..
GDP growth (annual %),NY.GDP.MKTP.KD.ZG,St. Vincent and the Grenadines,VCT,-0.42,1.38,1.83,1.21,1.33,1.90,1.00,2.16,0.49,-2.73
GDP growth (annual %),NY.GDP.MKTP.KD.ZG,Sudan,SDN,-0.02,0.69,6.80,7.04,4.01,3.57,4.67,2.82,-1.33,-1.56
GDP growth (annual %),NY.GDP.MKTP.KD.ZG,Suriname,SUR,5.85,2.69,2.93,0.26,-3.41,-4.92,1.57,4.95,1.10,-14.50
GDP growth (annual %),NY.GDP.MKTP.KD.ZG,Sweden,SWE,3.20,-0.59,1.19,2.66,4.49,2.07,2.57,1.95,1.37,-2.82
GDP growth (annual %),NY.GDP.MKTP.KD.ZG,Switzerland,CHE,1.92,1.22,1.82,2.45,1.66,2.05,1.58,3.01,1.08,-2.87
GDP growth (annual %),NY.GDP.MKTP.KD.ZG,Syrian Arab Republic,SYR,..,..,..,..,..,..,..,..,..,..
GDP growth (annual %),NY.GDP.MKTP.KD.ZG,Tajikistan,TJK,7.40,7.50,7.40,6.70,6.00,6.90,7.10,7.60,7.40,4.50
GDP growth (annual %),NY.GDP.MKTP.KD.ZG,Tanzania,TZA,7.67,4.50,6.78,6.73,6.16,6.87,6.79,5.44,5.79,2.00
GDP growth (annual %),NY.GDP.MKTP.KD.ZG,Thailand,THA,0.84,7.24,2.69,0.98,3.13,3.44,4.18,4.19,2.27,-6.09
GDP growth (annual %),NY.GDP.MKTP.KD.ZG,Timor-Leste,TLS,5.81,6.02,2.12,4.45,2.91,3.36,-4.10,-1.05,18.72,-8.70
GDP growth (annual %),NY.GDP.MKTP.KD.ZG,Togo,TGO,6.40,6.54,6.11,5.92,5.74,5.56,4.35,4.98,5.46,1.75
GDP growth (annual %),NY.GDP.MKTP.KD.ZG,Tonga,TON,6.82,0.82,0.31,2.02,1.17,6.57,3.32,0.30,0.73,..
GDP growth (annual %),NY.GDP.MKTP.KD.ZG,Trinidad and Tobago,TTO,-0.29,1.27,2.23,-0.91,1.48,-5.60,-2.99,0.07,-1.25,-7.83
GDP growth (annual %),NY.GDP.MKTP.KD.ZG,Tunisia,TUN,-1.92,4.09,2.82,2.87,1.17,1.25,1.92,2.66,1.04,-8.60
GDP growth (annual %),NY.GDP.MKTP.KD.ZG,Turkey,TUR,11.20,4.79,8.49,4.94,6.08,3.32,7.50,2.96,0.92,1.76
GDP growth (annual %),NY.GDP.MKTP.KD.ZG,Turkmenistan,TKM,14.70,11.10,10.20,10.30,6.50,6.20,6.50,6.20,6.30,..
GDP growth (annual %),NY.GDP.MKTP.KD.ZG,Turks and Caicos Islands,TCA,..,-0.97,1.07,8.71,11.31,7.25,-2.49,5.61,5.32,-26.80
GDP growth (annual %),NY.GDP.MKTP.KD.ZG,Tuvalu,TUV,7.52,-3.84,4.58,1.35,9.14,3.03,4.09,2.50,9.76,4.40
GDP growth (annual %),NY.GDP.MKTP.KD.ZG,Uganda,UGA,9.39,3.84,3.59,5.11,5.19,4.78,3.81,6.16,6.80,2.86
GDP growth (annual %),NY.GDP.MKTP.KD.ZG,Ukraine,UKR,5.47,0.24,-0.03,-6.55,-9.77,2.24,2.47,3.41,3.22,-4.02
GDP growth (annual %),NY.GDP.MKTP.KD.ZG,United Arab Emirates,ARE,6.93,4.48,5.05,4.28,5.11,3.06,2.37,1.19,1.68,..
GDP growth (annual %),NY.GDP.MKTP.KD.ZG,United Kingdom,GBR,1.28,1.43,2.19,2.86,2.36,1.72,1.74,1.25,1.37,-9.79
GDP growth (annual %),NY.GDP.MKTP.KD.ZG,United States,USA,1.55,2.25,1.84,2.53,3.08,1.71,2.33,3.00,2.16,-3.49
GDP growth (annual %),NY.GDP.MKTP.KD.ZG,Uruguay,URY,5.16,3.54,4.64,3.24,0.37,1.69,1.63,0.48,0.35,-5.86
GDP growth (annual %),NY.GDP.MKTP.KD.ZG,Uzbekistan,UZB,7.78,7.38,7.58,7.18,7.45,6.09,4.46,5.45,5.80,1.65
GDP growth (annual %),NY.GDP.MKTP.KD.ZG,Vanuatu,VUT,3.14,1.01,0.47,3.13,0.37,4.69,6.32,2.90,3.26,-9.24
GDP growth (annual %),NY.GDP.MKTP.KD.ZG,"Venezuela, RB",VEN,4.18,5.63,1.34,-3.89,..,..,..,..,..,..
GDP growth (annual %),NY.GDP.MKTP.KD.ZG,Vietnam,VNM,6.24,5.25,5.42,5.98,6.68,6.21,6.81,7.08,7.02,2.91
GDP growth (annual %),NY.GDP.MKTP.KD.ZG,Virgin Islands (U.S.),VIR,-8.16,-15.02,-5.83,-0.87,0.26,1.13,-0.61,1.51,..,..
GDP growth (annual %),NY.GDP.MKTP.KD.ZG,West Bank and Gaza,PSE,9.60,6.10,4.70,-0.16,3.72,8.86,1.42,1.23,1.36,-11.46
GDP growth (annual %),NY.GDP.MKTP.KD.ZG,"Yemen, Rep.",YEM,-12.71,2.39,4.82,-0.19,-27.99,-9.38,-5.07,0.75,..,..
GDP growth (annual %),NY.GDP.MKTP.KD.ZG,Zambia,ZMB,5.56,7.60,5.06,4.70,2.92,3.78,3.50,4.03,1.44,-3.02
GDP growth (annual %),NY.GDP.MKTP.KD.ZG,Zimbabwe,ZWE,14.19,16.67,1.99,2.38,1.78,0.76,4.70,3.50,-8.10,-8.00
GDP growth (annual %),NY.GDP.MKTP.KD.ZG,Africa Eastern and Southern,AFE,4.20,3.24,4.47,4.09,2.76,2.00,2.83,2.39,1.67,-3.58
GDP growth (annual %),NY.GDP.MKTP.KD.ZG,Africa Western and Central,AFW,5.00,5.27,5.83,5.83,2.74,0.00,2.16,2.83,3.15,-0.98
GDP growth (annual %),NY.GDP.MKTP.KD.ZG,Arab World,ARB,3.79,6.64,3.36,2.60,3.40,3.39,1.01,2.14,1.52,-5.00
GDP growth (annual %),NY.GDP.MKTP.KD.ZG,Caribbean small states,CSS,1.14,1.31,0.80,0.50,0.86,-1.04,0.28,1.90,0.67,-7.99
GDP growth (annual %),NY.GDP.MKTP.KD.ZG,Central Europe and the Baltics,CEB,3.15,0.67,1.25,2.99,3.98,3.09,4.89,4.50,3.84,-3.98
GDP growth (annual %),NY.GDP.MKTP.KD.ZG,Early-demographic dividend,EAR,4.98,4.24,4.30,4.00,4.62,4.80,4.64,3.61,2.16,-4.81
GDP growth (annual %),NY.GDP.MKTP.KD.ZG,East Asia & Pacific,EAS,4.61,4.70,4.77,4.19,4.20,4.09,4.77,4.19,3.61,..
GDP growth (annual %),NY.GDP.MKTP.KD.ZG,East Asia & Pacific (excluding high income),EAP,8.47,7.52,7.20,6.88,6.62,6.48,6.64,6.45,5.69,1.04
GDP growth (annual %),NY.GDP.MKTP.KD.ZG,East Asia & Pacific (IDA & IBRD countries),TEA,8.47,7.52,7.20,6.88,6.62,6.48,6.64,6.45,5.69,1.04
GDP growth (annual %),NY.GDP.MKTP.KD.ZG,Euro area,EMU,1.67,-0.89,-0.24,1.39,2.05,1.86,2.59,1.88,1.29,-6.67
GDP growth (annual %),NY.GDP.MKTP.KD.ZG,Europe & Central Asia,ECS,2.37,0.32,0.91,1.85,2.05,1.88,2.80,2.17,1.59,-5.67
GDP growth (annual %),NY.GDP.MKTP.KD.ZG,Europe & Central Asia (excluding high income),ECA,6.07,3.86,4.03,2.21,0.96,1.72,4.16,3.18,2.20,-1.52
GDP growth (annual %),NY.GDP.MKTP.KD.ZG,Europe & Central Asia (IDA & IBRD countries),TEC,5.80,3.43,3.60,2.32,1.39,1.93,4.23,3.46,2.53,-1.77
GDP growth (annual %),NY.GDP.MKTP.KD.ZG,European Union,EUU,1.82,-0.75,-0.05,1.57,2.30,2.01,2.80,2.11,1.56,-6.20
GDP growth (annual %),NY.GDP.MKTP.KD.ZG,Fragile and conflict affected situations,FCS,0.72,7.73,4.20,1.65,2.44,2.56,2.40,2.54,2.49,-5.25
GDP growth (annual %),NY.GDP.MKTP.KD.ZG,Heavily indebted poor countries (HIPC),HPC,4.80,5.72,5.81,5.99,4.62,4.23,5.08,4.56,4.06,0.27
GDP growth (annual %),NY.GDP.MKTP.KD.ZG,High income,HIC,1.84,1.28,1.46,2.06,2.39,1.73,2.39,2.22,1.59,-4.70
GDP growth (annual %),NY.GDP.MKTP.KD.ZG,IBRD only,IBD,6.00,5.05,4.97,4.31,3.93,4.31,4.95,4.53,3.66,-2.06
GDP growth (annual %),NY.GDP.MKTP.KD.ZG,IDA & IBRD total,IBT,5.90,5.03,5.04,4.42,3.93,4.23,4.90,4.53,3.66,-1.97
GDP growth (annual %),NY.GDP.MKTP.KD.ZG,IDA blend,IDB,4.81,4.60,5.73,5.94,3.73,1.46,2.72,3.48,2.31,-1.09
GDP growth (annual %),NY.GDP.MKTP.KD.ZG,IDA only,IDX,4.31,4.79,6.18,5.88,4.04,4.82,5.72,5.56,4.91,-0.25
GDP growth (annual %),NY.GDP.MKTP.KD.ZG,IDA total,IDA,4.56,4.70,5.96,5.91,3.89,3.15,4.25,4.55,3.66,-0.65
GDP growth (annual %),NY.GDP.MKTP.KD.ZG,Late-demographic dividend,LTE,6.70,5.40,5.22,4.66,3.99,3.81,4.88,5.04,4.37,-0.28
GDP growth (annual %),NY.GDP.MKTP.KD.ZG,Latin America & Caribbean,LCN,4.37,2.78,2.78,1.00,0.09,-0.39,1.78,1.76,0.95,-6.31
GDP growth (annual %),NY.GDP.MKTP.KD.ZG,Latin America & Caribbean (excluding high income),LAC,4.45,2.49,2.92,1.43,-0.02,-0.49,1.92,1.78,0.95,-6.34
GDP growth (annual %),NY.GDP.MKTP.KD.ZG,Latin America & the Caribbean (IDA & IBRD countries),TLA,4.50,2.85,2.86,1.04,0.05,-0.40,1.86,1.85,0.96,-6.32
GDP growth (annual %),NY.GDP.MKTP.KD.ZG,Least developed countries: UN classification,LDC,4.00,4.86,5.97,5.95,3.58,3.91,4.90,4.82,4.34,-0.56
GDP growth (annual %),NY.GDP.MKTP.KD.ZG,Low & middle income,LMY,5.98,5.12,5.22,4.63,3.95,4.29,4.94,4.53,3.66,-1.89
GDP growth (annual %),NY.GDP.MKTP.KD.ZG,Low income,LIC,2.31,2.65,6.18,5.93,1.90,3.64,4.43,4.53,4.11,0.92
GDP growth (annual %),NY.GDP.MKTP.KD.ZG,Lower middle income,LMC,4.83,4.08,5.05,5.58,4.98,6.08,5.19,4.46,3.32,-4.14
GDP growth (annual %),NY.GDP.MKTP.KD.ZG,Middle East & North Africa,MEA,3.74,3.91,2.80,2.93,2.56,4.93,1.60,0.89,0.49,-3.66
GDP growth (annual %),NY.GDP.MKTP.KD.ZG,Middle East & North Africa (excluding high income),MNA,-0.94,2.80,1.72,2.05,1.04,7.66,3.01,-0.47,-0.38,-3.64
GDP growth (annual %),NY.GDP.MKTP.KD.ZG,Middle East & North Africa (IDA & IBRD countries),TMN,-1.02,2.78,1.70,2.07,1.01,7.65,3.02,-0.48,-0.40,-3.57
GDP growth (annual %),NY.GDP.MKTP.KD.ZG,Middle income,MIC,6.03,5.16,5.20,4.61,3.98,4.30,4.95,4.52,3.66,-1.93
GDP growth (annual %),NY.GDP.MKTP.KD.ZG,North America,NAC,1.70,2.20,1.89,2.56,2.84,1.64,2.40,2.94,2.13,-3.67
GDP growth (annual %),NY.GDP.MKTP.KD.ZG,Not classified,INX,..,..,..,..,..,..,..,..,..,..
GDP growth (annual %),NY.GDP.MKTP.KD.ZG,OECD members,OED,1.84,1.29,1.52,2.09,2.48,1.76,2.55,2.24,1.58,-4.69
GDP growth (annual %),NY.GDP.MKTP.KD.ZG,Other small states,OSS,7.52,3.60,3.60,3.72,3.12,2.75,1.01,2.06,1.93,-5.12
GDP growth (annual %),NY.GDP.MKTP.KD.ZG,Pacific island small states,PSS,3.82,0.74,3.21,3.61,3.65,3.76,4.32,2.86,0.78,-13.03
GDP growth (annual %),NY.GDP.MKTP.KD.ZG,Post-demographic dividend,PST,1.58,1.13,1.36,1.90,2.17,1.67,2.40,2.14,1.53,-4.92
GDP growth (annual %),NY.GDP.MKTP.KD.ZG,Pre-demographic dividend,PRE,4.67,5.74,6.07,5.07,3.28,2.76,1.74,2.16,2.98,-2.49
GDP growth (annual %),NY.GDP.MKTP.KD.ZG,Small states,SST,6.41,3.19,3.17,3.24,2.80,2.22,0.96,2.05,1.74,-5.63
GDP growth (annual %),NY.GDP.MKTP.KD.ZG,South Asia,SAS,5.14,5.50,6.08,6.99,7.49,7.78,6.63,6.44,4.02,-6.58
GDP growth (annual %),NY.GDP.MKTP.KD.ZG,South Asia (IDA & IBRD),TSA,5.14,5.50,6.08,6.99,7.49,7.78,6.63,6.44,4.02,-6.58
GDP growth (annual %),NY.GDP.MKTP.KD.ZG,Sub-Saharan Africa,SSF,4.54,4.10,5.05,4.84,2.75,1.13,2.54,2.58,2.31,-2.45
GDP growth (annual %),NY.GDP.MKTP.KD.ZG,Sub-Saharan Africa (excluding high income),SSA,4.54,4.10,5.05,4.84,2.75,1.13,2.54,2.58,2.31,-2.44
GDP growth (annual %),NY.GDP.MKTP.KD.ZG,Sub-Saharan Africa (IDA & IBRD countries),TSS,4.54,4.10,5.05,4.84,2.75,1.13,2.54,2.58,2.31,-2.45
GDP growth (annual %),NY.GDP.MKTP.KD.ZG,Upper middle income,UMC,6.46,5.54,5.25,4.28,3.64,3.68,4.87,4.55,3.77,-1.14
GDP growth (annual %),NY.GDP.MKTP.KD.ZG,World,WLD,3.13,2.52,2.67,2.87,2.92,2.61,3.28,3.03,2.34,-3.59
,,,,,,,,,,,,,
,,,,,,,,,,,,,
,,,,,,,,,,,,,
Data from database: World Development Indicators,,,,,,,,,,,,,
Last Updated: 09/15/2021,,,,,,,,,,,,,
